id,quality,level,tag,tagpriority,name,namepriority
1,,20,Heroic,0,,
2,4,,Crafting Material,50,,
3,,,,,of Power,0
15,4,20,,,,
17,,,,,,
18,,,,,,
19,,,,,of the Fireflash,0
20,,,,,of the Fireflash,0
21,,,,,of the Fireflash,0
22,,,,,of the Fireflash,0
23,,,,,of the Fireflash,0
24,,,,,of the Fireflash,0
25,,,,,of the Fireflash,0
26,,,,,of the Fireflash,0
27,,,,,of the Fireflash,0
28,,,,,of the Fireflash,0
29,,,,,of the Fireflash,0
30,,,,,of the Fireflash,0
31,,,,,of the Fireflash,0
32,,,,,of the Fireflash,0
33,,,,,of the Fireflash,0
34,,,,,of the Fireflash,0
35,,,,,of the Fireflash,0
36,,,,,of the Fireflash,0
37,,,,,of the Fireflash,0
38,,,,,of the Fireflash,0
39,,,,,of the Fireflash,0
40,,,,,,
41,,,,,,
42,,,,,,
43,,,,,,
44,,6,Warforged,1,,
45,,,,,of the Peerless,0
46,,,,,of the Peerless,0
47,,,,,of the Peerless,0
48,,,,,of the Peerless,0
49,,,,,of the Peerless,0
50,,,,,of the Peerless,0
51,,,,,of the Peerless,0
52,,,,,of the Peerless,0
53,,,,,of the Peerless,0
54,,,,,of the Peerless,0
55,,,,,of the Peerless,0
56,,,,,of the Peerless,0
57,,,,,of the Peerless,0
58,,,,,of the Peerless,0
59,,,,,of the Peerless,0
60,,,,,of the Peerless,0
61,,,,,of the Peerless,0
62,,,,,of the Peerless,0
63,,,,,of the Peerless,0
64,,,,,of the Peerless,0
65,,,,,of the Peerless,0
66,,,,,of the Peerless,0
67,,,,,of the Peerless,0
68,,,,,of the Peerless,0
69,,,,,of the Peerless,0
70,,,,,of the Peerless,0
71,,,,,of the Peerless,0
72,,,,,of the Peerless,0
73,,,,,of the Peerless,0
74,,,,,of the Peerless,0
75,,,,,of the Peerless,0
76,,,,,of the Peerless,0
77,,,,,of the Peerless,0
78,,,,,of the Peerless,0
79,,,,,of the Peerless,0
80,,,,,of the Peerless,0
81,,,,,of the Peerless,0
82,,,,,of the Peerless,0
83,,,,,of the Peerless,0
84,,,,,of the Peerless,0
85,,,,,of the Peerless,0
86,,,,,of the Peerless,0
87,,,,,of the Quickblade,0
88,,,,,of the Quickblade,0
89,,,,,of the Quickblade,0
90,,,,,of the Quickblade,0
91,,,,,of the Quickblade,0
92,,,,,of the Quickblade,0
93,,,,,of the Quickblade,0
94,,,,,of the Quickblade,0
95,,,,,of the Quickblade,0
96,,,,,of the Quickblade,0
97,,,,,of the Quickblade,0
98,,,,,of the Quickblade,0
99,,,,,of the Quickblade,0
100,,,,,of the Quickblade,0
101,,,,,of the Quickblade,0
102,,,,,of the Quickblade,0
103,,,,,of the Quickblade,0
104,,,,,of the Quickblade,0
105,,,,,of the Quickblade,0
106,,,,,of the Quickblade,0
107,,,,,of the Quickblade,0
108,,,,,of the Feverflare,0
109,,,,,of the Feverflare,0
110,,,,,of the Feverflare,0
111,,,,,of the Feverflare,0
112,,,,,of the Feverflare,0
113,,,,,of the Feverflare,0
114,,,,,of the Feverflare,0
115,,,,,of the Feverflare,0
116,,,,,of the Feverflare,0
117,,,,,of the Feverflare,0
118,,,,,of the Feverflare,0
119,,,,,of the Feverflare,0
120,,,,,of the Feverflare,0
121,,,,,of the Feverflare,0
122,,,,,of the Feverflare,0
123,,,,,of the Feverflare,0
124,,,,,of the Feverflare,0
125,,,,,of the Feverflare,0
126,,,,,of the Feverflare,0
127,,,,,of the Feverflare,0
128,,,,,of the Feverflare,0
129,,,,,of the Fireflash,0
130,,,,,of the Fireflash,0
131,,,,,of the Fireflash,0
132,,,,,of the Fireflash,0
133,,,,,of the Fireflash,0
134,,,,,of the Fireflash,0
135,,,,,of the Fireflash,0
136,,,,,of the Fireflash,0
137,,,,,of the Fireflash,0
138,,,,,of the Fireflash,0
139,,,,,of the Fireflash,0
140,,,,,of the Fireflash,0
141,,,,,of the Fireflash,0
142,,,,,of the Fireflash,0
143,,,,,of the Fireflash,0
144,,,,,of the Fireflash,0
145,,,,,of the Fireflash,0
146,,,,,of the Fireflash,0
147,,,,,of the Fireflash,0
148,,,,,of the Fireflash,0
149,,,,,of the Fireflash,0
150,,,,,of the Aurora,0
151,,,,,of the Aurora,0
152,,,,,of the Aurora,0
153,,,,,of the Aurora,0
154,,,,,of the Aurora,0
155,,,,,of the Aurora,0
156,,,,,of the Aurora,0
157,,,,,of the Aurora,0
158,,,,,of the Aurora,0
159,,,,,of the Aurora,0
160,,,,,of the Aurora,0
161,,,,,of the Aurora,0
162,,,,,of the Aurora,0
163,,,,,of the Aurora,0
164,,,,,of the Aurora,0
165,,,,,of the Aurora,0
166,,,,,of the Aurora,0
167,,,,,of the Aurora,0
168,,,,,of the Aurora,0
169,,,,,of the Aurora,0
170,,,,,of the Aurora,0
171,3,10,,,,
175,,,,,of the Feverflare,0
176,,,,,of the Feverflare,0
177,,,,,of the Feverflare,0
178,,,,,of the Feverflare,0
179,,,,,of the Feverflare,0
180,,,,,of the Feverflare,0
181,,,,,of the Feverflare,0
182,,,,,of the Feverflare,0
183,,,,,of the Feverflare,0
184,,,,,of the Feverflare,0
185,,,,,of the Feverflare,0
186,,,,,of the Feverflare,0
187,,,,,of the Feverflare,0
188,,,,,of the Feverflare,0
189,,,,,of the Feverflare,0
190,,,,,of the Feverflare,0
191,,,,,of the Feverflare,0
192,,,,,of the Feverflare,0
193,,,,,of the Feverflare,0
194,,,,,of the Feverflare,0
195,,,,,of the Feverflare,0
196,,,,,of the Harmonious,0
197,,,,,of the Harmonious,0
198,,,,,of the Harmonious,0
199,,,,,of the Harmonious,0
200,,,,,of the Harmonious,0
201,,,,,of the Harmonious,0
202,,,,,of the Harmonious,0
203,,,,,of the Harmonious,0
204,,,,,of the Harmonious,0
205,,,,,of the Harmonious,0
206,,,,,of the Harmonious,0
207,,,,,of the Harmonious,0
208,,,,,of the Harmonious,0
209,,,,,of the Harmonious,0
210,,,,,of the Harmonious,0
211,,,,,of the Harmonious,0
212,,,,,of the Harmonious,0
213,,,,,of the Harmonious,0
214,,,,,of the Harmonious,0
215,,,,,of the Harmonious,0
216,,,,,of the Harmonious,0
217,,,,,of the Aurora,0
218,,,,,of the Aurora,0
219,,,,,of the Aurora,0
220,,,,,of the Aurora,0
221,,,,,of the Aurora,0
222,,,,,of the Aurora,0
223,,,,,of the Aurora,0
224,,,,,of the Aurora,0
225,,,,,of the Aurora,0
226,,,,,of the Aurora,0
227,,,,,of the Aurora,0
228,,,,,of the Aurora,0
229,,,,,of the Aurora,0
230,,,,,of the Aurora,0
231,,,,,of the Aurora,0
232,,,,,of the Aurora,0
233,,,,,of the Aurora,0
234,,,,,of the Aurora,0
235,,,,,of the Aurora,0
236,,,,,of the Aurora,0
237,,,,,of the Aurora,0
238,,,,,of the Quickblade,0
239,,,,,of the Quickblade,0
240,,,,,of the Quickblade,0
241,,,,,of the Quickblade,0
242,,,,,of the Quickblade,0
243,,,,,of the Quickblade,0
244,,,,,of the Quickblade,0
245,,,,,of the Quickblade,0
246,,,,,of the Quickblade,0
247,,,,,of the Quickblade,0
248,,,,,of the Quickblade,0
249,,,,,of the Quickblade,0
250,,,,,of the Quickblade,0
251,,,,,of the Quickblade,0
252,,,,,of the Quickblade,0
253,,,,,of the Quickblade,0
254,,,,,of the Quickblade,0
255,,,,,of the Quickblade,0
256,,,,,of the Quickblade,0
257,,,,,of the Quickblade,0
258,,,,,of the Quickblade,0
259,,,,,of the Aurora,0
260,,,,,of the Aurora,0
261,,,,,of the Aurora,0
262,,,,,of the Aurora,0
263,,,,,of the Aurora,0
264,,,,,of the Aurora,0
265,,,,,of the Aurora,0
266,,,,,of the Aurora,0
267,,,,,of the Aurora,0
268,,,,,of the Aurora,0
269,,,,,of the Aurora,0
270,,,,,of the Aurora,0
271,,,,,of the Aurora,0
272,,,,,of the Aurora,0
273,,,,,of the Aurora,0
274,,,,,of the Aurora,0
275,,,,,of the Aurora,0
276,,,,,of the Aurora,0
277,,,,,of the Aurora,0
278,,,,,of the Aurora,0
279,,,,,of the Aurora,0
280,,,,,of the Harmonious,0
281,,,,,of the Harmonious,0
282,,,,,of the Harmonious,0
283,,,,,of the Harmonious,0
284,,,,,of the Harmonious,0
285,,,,,of the Harmonious,0
286,,,,,of the Harmonious,0
287,,,,,of the Harmonious,0
288,,,,,of the Harmonious,0
289,,,,,of the Harmonious,0
290,,,,,of the Harmonious,0
291,,,,,of the Harmonious,0
292,,,,,of the Harmonious,0
293,,,,,of the Harmonious,0
294,,,,,of the Harmonious,0
295,,,,,of the Harmonious,0
296,,,,,of the Harmonious,0
297,,,,,of the Harmonious,0
298,,,,,of the Harmonious,0
299,,,,,of the Harmonious,0
300,,,,,of the Harmonious,0
301,,,,,of the Quickblade,0
302,,,,,of the Quickblade,0
303,,,,,of the Quickblade,0
304,,,,,of the Quickblade,0
305,,,,,of the Quickblade,0
306,,,,,of the Quickblade,0
307,,,,,of the Quickblade,0
308,,,,,of the Quickblade,0
309,,,,,of the Quickblade,0
310,,,,,of the Quickblade,0
311,,,,,of the Quickblade,0
312,,,,,of the Quickblade,0
313,,,,,of the Quickblade,0
314,,,,,of the Quickblade,0
315,,,,,of the Quickblade,0
316,,,,,of the Quickblade,0
317,,,,,of the Quickblade,0
318,,,,,of the Quickblade,0
319,,,,,of the Quickblade,0
320,,,,,of the Quickblade,0
321,,,,,of the Quickblade,0
322,,,,,of the Harmonious,0
323,,,,,of the Harmonious,0
324,,,,,of the Harmonious,0
325,,,,,of the Harmonious,0
326,,,,,of the Harmonious,0
327,,,,,of the Harmonious,0
328,,,,,of the Harmonious,0
329,,,,,of the Harmonious,0
330,,,,,of the Harmonious,0
331,,,,,of the Harmonious,0
332,,,,,of the Harmonious,0
333,,,,,of the Harmonious,0
334,,,,,of the Harmonious,0
335,,,,,of the Harmonious,0
336,,,,,of the Harmonious,0
337,,,,,of the Harmonious,0
338,,,,,of the Harmonious,0
339,,,,,of the Harmonious,0
340,,,,,of the Harmonious,0
341,,,,,of the Harmonious,0
342,,,,,of the Harmonious,0
343,,,,,of the Quickblade,0
344,,,,,of the Quickblade,0
345,,,,,of the Quickblade,0
346,,,,,of the Quickblade,0
347,,,,,of the Quickblade,0
348,,,,,of the Quickblade,0
349,,,,,of the Quickblade,0
350,,,,,of the Quickblade,0
351,,,,,of the Quickblade,0
352,,,,,of the Quickblade,0
353,,,,,of the Quickblade,0
354,,,,,of the Quickblade,0
355,,,,,of the Quickblade,0
356,,,,,of the Quickblade,0
357,,,,,of the Quickblade,0
358,,,,,of the Quickblade,0
359,,,,,of the Quickblade,0
360,,,,,of the Quickblade,0
361,,,,,of the Quickblade,0
362,,,,,of the Quickblade,0
363,,,,,of the Quickblade,0
364,,,,,of the Aurora,0
365,,,,,of the Aurora,0
366,,,,,of the Aurora,0
367,,,,,of the Aurora,0
368,,,,,of the Aurora,0
369,,,,,of the Aurora,0
370,,,,,of the Aurora,0
371,,,,,of the Aurora,0
372,,,,,of the Aurora,0
373,,,,,of the Aurora,0
374,,,,,of the Aurora,0
375,,,,,of the Aurora,0
376,,,,,of the Aurora,0
377,,,,,of the Aurora,0
378,,,,,of the Aurora,0
379,,,,,of the Aurora,0
380,,,,,of the Aurora,0
381,,,,,of the Aurora,0
382,,,,,of the Aurora,0
383,,,,,of the Aurora,0
384,,,,,of the Aurora,0
385,,,,,of the Harmonious,0
386,,,,,of the Harmonious,0
387,,,,,of the Harmonious,0
388,,,,,of the Harmonious,0
389,,,,,of the Harmonious,0
390,,,,,of the Harmonious,0
391,,,,,of the Harmonious,0
392,,,,,of the Harmonious,0
393,,,,,of the Harmonious,0
394,,,,,of the Harmonious,0
395,,,,,of the Harmonious,0
396,,,,,of the Harmonious,0
397,,,,,of the Harmonious,0
398,,,,,of the Harmonious,0
399,,,,,of the Harmonious,0
400,,,,,of the Harmonious,0
401,,,,,of the Harmonious,0
402,,,,,of the Harmonious,0
403,,,,,of the Harmonious,0
404,,,,,of the Harmonious,0
405,,,,,of the Harmonious,0
406,,,,,of the Aurora,0
407,,,,,of the Aurora,0
408,,,,,of the Aurora,0
409,,,,,of the Aurora,0
410,,,,,of the Aurora,0
411,,,,,of the Aurora,0
412,,,,,of the Aurora,0
413,,,,,of the Aurora,0
414,,,,,of the Aurora,0
415,,,,,of the Aurora,0
416,,,,,of the Aurora,0
417,,,,,of the Aurora,0
418,,,,,of the Aurora,0
419,,,,,of the Aurora,0
420,,,,,of the Aurora,0
421,,,,,of the Aurora,0
422,,,,,of the Aurora,0
423,,,,,of the Aurora,0
424,,,,,of the Aurora,0
425,,,,,of the Aurora,0
426,,,,,of the Aurora,0
427,,,,,of the Harmonious,0
428,,,,,of the Harmonious,0
429,,,,,of the Harmonious,0
430,,,,,of the Harmonious,0
431,,,,,of the Harmonious,0
432,,,,,of the Harmonious,0
433,,,,,of the Harmonious,0
434,,,,,of the Harmonious,0
435,,,,,of the Harmonious,0
436,,,,,of the Harmonious,0
437,,,,,of the Harmonious,0
438,,,,,of the Harmonious,0
439,,,,,of the Harmonious,0
440,,,,,of the Harmonious,0
441,,,,,of the Harmonious,0
442,,,,,of the Harmonious,0
443,,,,,of the Harmonious,0
444,,,,,of the Harmonious,0
445,,,,,of the Harmonious,0
446,,,,,of the Harmonious,0
447,,,,,of the Harmonious,0
448,,6,Warforged,20,,
449,,13,Heroic,10,,
450,,26,Mythic,10,,
451,,-12,Raid Finder,10,,
459,,,,,of the Fireflash,0
460,,,,,of the Peerless,0
461,,,,,of the Savage,0
462,,,,,of the Fanatic,0
463,,,,,of the Guileful,0
464,,,,,of the Feverflare,0
465,,,,,of the Aurora,0
466,,,,,of the Deft,0
467,,,,,of the Zealot,0
468,,,,,of the Windshaper,0
469,,,,,of the Harmonious,0
470,,,,,of the Merciless,0
471,,,,,of the Diviner,0
472,,,,,of the Noble,0
473,,,,,of the Strategist,0
474,,,,,of the Augur,0
475,,,,,of the Stalwart,0
476,,,,,of the Herald,0
477,,,,,of the Stormbreaker,0
478,,,,,of the Quickblade,0
479,,,,,of the Impatient,0
480,,,,,of the Savant,0
481,,,,,of the Adaptable,0
482,,,,,of the Relentless,0
483,,,,,of the Pious,0
484,,,,,of the Unbreakable,0
485,,,,,of the Decimator,0
486,,,,,of the Decimator,0
487,,,,,of the Impatient,0
488,,,,,of the Savant,0
489,,,,,of the Decimator,0
490,,,,,of the Adaptable,0
491,,,,,of the Adaptable,0
492,,,,,of the Adaptable,0
497,,50,,,of the Merciless,1
498,,,Cooking Ingredient,0,,
499,,6,Warforged,1,,
503,,,,,,
504,,,,,,
505,,,,,,
506,,,,,,
507,,,,,,
508,,,,,,
509,,,,,,
510,,,,,,
511,,,,,,
512,,,,,,
513,,,,,,
514,,,,,,
515,,,,,,
516,,,,,,
517,,,,,,
518,,-100,,,,
519,,-80,,,,
520,,-60,,,,
521,,-30,,,,
522,,-15,,,,
523,,,,,,
524,,,Heroic,0,,
525,,,Stage 1 of 6,0,,
526,,15,Stage 2 of 6,0,,
527,,30,Stage 3 of 6,0,,
528,,,,,,
529,,,,,,
530,,,,,,
531,,,,,,
532,,,,,,
533,,,,,,
534,,,,,,
535,,,,,,
536,,,,,,
537,,,,,,
538,,,,,,
539,,,,,,
540,,,,,,
541,,,,,,
542,,,,,,
543,,,,,,
544,,,,,,
545,4,10,,,,
546,,6,Warforged,1,,
547,,6,Warforged,1,,
548,,,,,,
549,,,,,,
550,,,,,,
551,,,,,,
552,,0,,,,
553,,35,,,,
554,,40,,,,
555,,70,,,,
556,,65,,,,
557,,70,,,,
558,4,15,Stage 2 of 6,0,,
559,4,30,Stage 3 of 6,0,,
560,,6,Warforged,1,,
561,,6,Warforged,1,,
562,,6,Warforged,1,,
563,,,,,,
564,,,,,,
565,,,,,,
566,,15,Heroic,0,,
567,,30,Mythic,0,,
569,,,Mythic,0,,
570,,,Heroic,0,,
571,,6,Warforged,1,,
572,,,,,,
573,,-60,,,,
575,4,20,,,,
576,4,30,,,,
577,3,20,,,,
579,,7,,,,
580,,,,,Elite,0
581,,,,,Mythic,0
582,,,,,,
583,,,,,,
584,,,Tier 0,0,,
585,,,Tier 1 - Holy,0,,
586,,,Tier 2 - Holy,0,,
587,,,Tier 1 - Corrupted,0,,
588,,,Tier 2 - Corrupted,0,,
589,,,Tier 1 - Fire,0,,
590,,,Tier 2 - Fire,0,,
591,,20,,,,
592,,30,,,,
593,,45,Stage 4 of 6,0,,
594,4,45,Stage 4 of 6,0,,
595,3,15,,,,
596,,,Obliterum: 0/7,0,,
597,,5,Obliterum: 1/7,0,,
598,,10,Obliterum: 2/7,0,,
599,,15,Obliterum: 3/7,0,,
600,,,,,,
601,,,,,,
602,,,Timewalker,0,,
603,,,,,,
604,,,,,,
605,,,,,,
606,,,,,,
607,,,,,,
608,,,,,,
609,,40,,,,
610,,,,,,
611,,,,,,
612,,,,,,
613,,,,,,
614,,,,,,
615,,,Timewarped,0,,
617,,60,Stage 5 of 6,0,,
618,,75,Stage 6 of 6,0,,
619,4,60,Stage 5 of 6,0,,
620,4,75,Stage 6 of 6,0,,
621,,,,,,
622,,3,,,,
623,,6,,,,
624,,9,,,,
625,,12,,,,
626,,15,,,,
627,,18,,,,
628,,21,,,,
629,,24,,,,
630,,27,,,,
631,,30,,,,
632,,33,,,,
633,,36,,,,
634,,39,,,,
635,,42,,,,
636,,45,,,,
637,,48,,,,
638,,51,,,,
639,,54,,,,
640,,57,,,,
641,,60,,,,
642,4,55,Mythic,0,,
643,,,,,,
644,,20,Warforged,1,,
645,,,Timewarped Warforged,0,,
646,,6,Warforged,1,,
647,,,,,,
648,4,45,Empowered,0,,
649,,,,,,
650,,,,,,
651,4,25,Warforged,3,,
652,,,Baleful,2,,
653,,,Baleful,2,,
656,,,Warforged,1,,
657,4,,,,,
658,,,,,,
659,,,,,,
660,,,,,,
661,,,,,,
662,,,,,,
663,,,,,,
664,,,,,,
665,4,15,,,,
666,,20,Obliterum: 4/7,0,,
667,4,25,Obliterum: 5/7,0,,
668,4,30,Obliterum: 6/7,0,,
669,4,35,Obliterum: 7/7,0,,
670,4,40,,,,
671,4,45,,,,
672,,50,,,,
673,,33,,,,
674,,36,,,,
675,,39,,,,
676,,42,,,,
677,,45,,,,
678,,48,,,,
679,,51,,,,
680,,54,,,,
681,,57,,,,
682,,60,,,,
689,,,,,,
692,,,Timewarped,0,,
693,,,,,,
694,,15,,,,
695,3,30,,,,
696,3,45,,,,
697,4,60,,,,
698,4,75,,,,
699,4,100,,,,
700,,5,,,,
701,,10,,,,
702,,3,,,,
703,,6,,,,
704,,12,,,,
706,,30,,,,
707,,15,,,,
708,,10,,,,
709,,20,,,,
710,,70,,,,
715,,,,,,
716,,,,,,
717,,,,,,
718,,,,,,
719,,,,,,
720,4,,,,,
721,,,,,,
722,,,,,,
723,,,,,,
724,,,,,,
725,,,,,,
726,,,,,,
727,,,,,,
728,,,,,,
729,,,,,,
730,,,,,,
731,,,,,,
732,,,,,,
733,,,,,,
734,,,,,,
735,,,,,,
736,,,,,,
737,,,,,,
738,,,,,,
739,,,,,,
740,,,,,,
741,,,,,,
742,,,,,,
743,,,,,,
744,,,,,,
745,,,,,,
746,,,,,,
747,,,,,,
748,,,,,,
749,,,,,,
750,,,,,,
751,,,,,,
752,,,,,,
754,,5,Warforged,1,,
755,,10,Warforged,1,,
756,,15,Warforged,1,,
757,,25,Warforged,1,,
758,,30,Warforged,1,,
759,,35,Warforged,1,,
760,,40,Warforged,1,,
761,4,10,Warforged,3,,
762,4,15,Warforged,3,,
763,4,20,Warforged,3,,
764,4,30,Warforged,3,,
765,4,35,Warforged,3,,
766,4,40,Warforged,3,,
767,,,,,,
768,,,,,,
769,,25,,,,
1372,,-100,,,,
1373,,-99,,,,
1374,,-98,,,,
1375,,-97,,,,
1376,,-96,,,,
1377,,-95,,,,
1378,,-94,,,,
1379,,-93,,,,
1380,,-92,,,,
1381,,-91,,,,
1382,,-90,,,,
1383,,-89,,,,
1384,,-88,,,,
1385,,-87,,,,
1386,,-86,,,,
1387,,-85,,,,
1388,,-84,,,,
1389,,-83,,,,
1390,,-82,,,,
1391,,-81,,,,
1392,,-80,,,,
1393,,-79,,,,
1394,,-78,,,,
1395,,-77,,,,
1396,,-76,,,,
1397,,-75,,,,
1398,,-74,,,,
1399,,-73,,,,
1400,,-72,,,,
1401,,-71,,,,
1402,,-70,,,,
1403,,-69,,,,
1404,,-68,,,,
1405,,-67,,,,
1406,,-66,,,,
1407,,-65,,,,
1408,,-64,,,,
1409,,-63,,,,
1410,,-62,,,,
1411,,-61,,,,
1412,,-60,,,,
1413,,-59,,,,
1414,,-58,,,,
1415,,-57,,,,
1416,,-56,,,,
1417,,-55,,,,
1418,,-54,,,,
1419,,-53,,,,
1420,,-52,,,,
1421,,-51,,,,
1422,,-50,,,,
1423,,-49,,,,
1424,,-48,,,,
1425,,-47,,,,
1426,,-46,,,,
1427,,-45,,,,
1428,,-44,,,,
1429,,-43,,,,
1430,,-42,,,,
1431,,-41,,,,
1432,,-40,,,,
1433,,-39,,,,
1434,,-38,,,,
1435,,-37,,,,
1436,,-36,,,,
1437,,-35,,,,
1438,,-34,,,,
1439,,-33,,,,
1440,,-32,,,,
1441,,-31,,,,
1442,,-30,,,,
1443,,-29,,,,
1444,,-28,,,,
1445,,-27,,,,
1446,,-26,,,,
1447,,-25,,,,
1448,,-24,,,,
1449,,-23,,,,
1450,,-22,,,,
1451,,-21,,,,
1452,,-20,,,,
1453,,-19,,,,
1454,,-18,,,,
1455,,-17,,,,
1456,,-16,,,,
1457,,-15,,,,
1458,,-14,,,,
1459,,-13,,,,
1460,,-12,,,,
1461,,-11,,,,
1462,,-10,,,,
1463,,-9,,,,
1464,,-8,,,,
1465,,-7,,,,
1466,,-6,,,,
1467,,-5,,,,
1468,,-4,,,,
1469,,-3,,,,
1470,,-2,,,,
1471,,-1,,,,
1472,,0,,,,
1473,,1,,,,
1474,,2,,,,
1475,,3,,,,
1476,,4,,,,
1477,,5,,,,
1478,,6,,,,
1479,,7,,,,
1480,,8,,,,
1481,,9,,,,
1482,,10,,,,
1483,,11,,,,
1484,,12,,,,
1485,,13,,,,
1486,,14,,,,
1487,,15,,,,
1488,,16,,,,
1489,,17,,,,
1490,,18,,,,
1491,,19,,,,
1492,,20,,,,
1493,,21,,,,
1494,,22,,,,
1495,,23,,,,
1496,,24,,,,
1497,,25,,,,
1498,,26,,,,
1499,,27,,,,
1500,,28,,,,
1501,,29,,,,
1502,,30,,,,
1503,,31,,,,
1504,,32,,,,
1505,,33,,,,
1506,,34,,,,
1507,,35,,,,
1508,,36,,,,
1509,,37,,,,
1510,,38,,,,
1511,,39,,,,
1512,,40,,,,
1513,,41,,,,
1514,,42,,,,
1515,,43,,,,
1516,,44,,,,
1517,,45,,,,
1518,,46,,,,
1519,,47,,,,
1520,,48,,,,
1521,,49,,,,
1522,,50,,,,
1523,,51,,,,
1524,,52,,,,
1525,,53,,,,
1526,,54,,,,
1527,,55,,,,
1528,,56,,,,
1529,,57,,,,
1530,,58,,,,
1531,,59,,,,
1532,,60,,,,
1533,,61,,,,
1534,,62,,,,
1535,,63,,,,
1536,,64,,,,
1537,,65,,,,
1538,,66,,,,
1539,,67,,,,
1540,,68,,,,
1541,,69,,,,
1542,,70,,,,
1543,,71,,,,
1544,,72,,,,
1545,,73,,,,
1546,,74,,,,
1547,,75,,,,
1548,,76,,,,
1549,,77,,,,
1550,,78,,,,
1551,,79,,,,
1552,,80,,,,
1553,,81,,,,
1554,,82,,,,
1555,,83,,,,
1556,,84,,,,
1557,,85,,,,
1558,,86,,,,
1559,,87,,,,
1560,,88,,,,
1561,,89,,,,
1562,,90,,,,
1563,,91,,,,
1564,,92,,,,
1565,,93,,,,
1566,,94,,,,
1567,,95,,,,
1568,,96,,,,
1569,,97,,,,
1570,,98,,,,
1571,,99,,,,
1572,,100,,,,
1573,,101,,,,
1574,,102,,,,
1575,,103,,,,
1576,,104,,,,
1577,,105,,,,
1578,,106,,,,
1579,,107,,,,
1580,,108,,,,
1581,,109,,,,
1582,,110,,,,
1583,,111,,,,
1584,,112,,,,
1585,,113,,,,
1586,,114,,,,
1587,,115,,,,
1588,,116,,,,
1589,,117,,,,
1590,,118,,,,
1591,,119,,,,
1592,,120,,,,
1593,,121,,,,
1594,,122,,,,
1595,,123,,,,
1596,,124,,,,
1597,,125,,,,
1598,,126,,,,
1599,,127,,,,
1600,,128,,,,
1601,,129,,,,
1602,,130,,,,
1603,,131,,,,
1604,,132,,,,
1605,,133,,,,
1606,,134,,,,
1607,,135,,,,
1608,,136,,,,
1609,,137,,,,
1610,,138,,,,
1611,,139,,,,
1612,,140,,,,
1613,,141,,,,
1614,,142,,,,
1615,,143,,,,
1616,,144,,,,
1617,,145,,,,
1618,,146,,,,
1619,,147,,,,
1620,,148,,,,
1621,,149,,,,
1622,,150,,,,
1623,,151,,,,
1624,,152,,,,
1625,,153,,,,
1626,,154,,,,
1627,,155,,,,
1628,,156,,,,
1629,,157,,,,
1630,,158,,,,
1631,,159,,,,
1632,,160,,,,
1633,,161,,,,
1634,,162,,,,
1635,,163,,,,
1636,,164,,,,
1637,,165,,,,
1638,,166,,,,
1639,,167,,,,
1640,,168,,,,
1641,,169,,,,
1642,,170,,,,
1643,,171,,,,
1644,,172,,,,
1645,,173,,,,
1646,,174,,,,
1647,,175,,,,
1648,,176,,,,
1649,,177,,,,
1650,,178,,,,
1651,,179,,,,
1652,,180,,,,
1653,,181,,,,
1654,,182,,,,
1655,,183,,,,
1656,,184,,,,
1657,,185,,,,
1658,,186,,,,
1659,,187,,,,
1660,,188,,,,
1661,,189,,,,
1662,,190,,,,
1663,,191,,,,
1664,,192,,,,
1665,,193,,,,
1666,,194,,,,
1667,,195,,,,
1668,,196,,,,
1669,,197,,,,
1670,,198,,,,
1671,,199,,,,
1672,,200,,,,
1673,,,Rank 1,0,,
1674,4,,,,,
1675,3,,,,,
1676,,,,,of the Quickblade,0
1677,,,,,of the Quickblade,0
1678,,,,,of the Quickblade,0
1679,,,,,of the Quickblade,0
1680,,,,,of the Quickblade,0
1681,,,,,of the Quickblade,0
1682,,,,,of the Quickblade,0
1683,,,,,of the Peerless,0
1684,,,,,of the Peerless,0
1685,,,,,of the Peerless,0
1686,,,,,of the Peerless,0
1687,,,,,of the Peerless,0
1688,,,,,of the Peerless,0
1689,,,,,of the Peerless,0
1690,,,,,of the Fireflash,0
1691,,,,,of the Fireflash,0
1692,,,,,of the Fireflash,0
1693,,,,,of the Fireflash,0
1694,,,,,of the Fireflash,0
1695,,,,,of the Fireflash,0
1696,,,,,of the Fireflash,0
1697,,,,,of the Feverflare,0
1698,,,,,of the Feverflare,0
1699,,,,,of the Feverflare,0
1700,,,,,of the Feverflare,0
1701,,,,,of the Feverflare,0
1702,,,,,of the Feverflare,0
1703,,,,,of the Feverflare,0
1704,,,,,of the Aurora,0
1705,,,,,of the Aurora,0
1706,,,,,of the Aurora,0
1707,,,,,of the Aurora,0
1708,,,,,of the Aurora,0
1709,,,,,of the Aurora,0
1710,,,,,of the Aurora,0
1711,,,,,of the Harmonious,0
1712,,,,,of the Harmonious,0
1713,,,,,of the Harmonious,0
1714,,,,,of the Harmonious,0
1715,,,,,of the Harmonious,0
1716,,,,,of the Harmonious,0
1717,,,,,of the Harmonious,0
1718,,,,,of the Decimator,0
1719,,,,,of the Adaptable,0
1720,,,,,of the Impatient,0
1721,,,,,of the Savant,0
1723,,,,,,
1724,3,,,,,
1725,4,,,,,
1726,3,,Heroic,0,,
1727,4,,Mythic,0,,
1729,,,,,,
1730,3,,,,,
1731,4,,,,,
1732,,,Trading Post Module,0,,
1733,3,,,,,
1734,4,,,,,
1735,4,,,,,
1736,3,,,,,
1737,4,,,,,
1738,4,,,,,
1739,3,,,,,
1740,4,,,,,
1741,4,,,,,
1742,,,,,of the Quickblade,0
1743,,,,,of the Quickblade,0
1744,,,,,of the Quickblade,0
1745,,,,,of the Quickblade,0
1746,,,,,of the Quickblade,0
1747,,,,,of the Quickblade,0
1748,,,,,of the Quickblade,0
1749,,,,,of the Peerless,0
1750,,,,,of the Peerless,0
1751,,,,,of the Peerless,0
1752,,,,,of the Peerless,0
1753,,,,,of the Peerless,0
1754,,,,,of the Peerless,0
1755,,,,,of the Peerless,0
1756,,,,,of the Fireflash,0
1757,,,,,of the Fireflash,0
1758,,,,,of the Fireflash,0
1759,,,,,of the Fireflash,0
1760,,,,,of the Fireflash,0
1761,,,,,of the Fireflash,0
1762,,,,,of the Fireflash,0
1763,,,,,of the Feverflare,0
1764,,,,,of the Feverflare,0
1765,,,,,of the Feverflare,0
1766,,,,,of the Feverflare,0
1767,,,,,of the Feverflare,0
1768,,,,,of the Feverflare,0
1769,,,,,of the Feverflare,0
1770,,,,,of the Aurora,0
1771,,,,,of the Aurora,0
1772,,,,,of the Aurora,0
1773,,,,,of the Aurora,0
1774,,,,,of the Aurora,0
1775,,,,,of the Aurora,0
1776,,,,,of the Aurora,0
1777,,,,,of the Harmonious,0
1778,,,,,of the Harmonious,0
1779,,,,,of the Harmonious,0
1780,,,,,of the Harmonious,0
1781,,,,,of the Harmonious,0
1782,,,,,of the Harmonious,0
1783,,,,,of the Harmonious,0
1784,,,,,of the Decimator,0
1785,,,,,of the Adaptable,0
1786,,,,,of the Impatient,0
1787,,,,,of the Savant,0
1788,,,,,,
1789,3,,,,,
1790,4,,,,,
1791,,,,,,
1792,3,,,,,
1793,3,,,,,
1794,3,,,,,
1795,3,,,,,
1796,,,,,,
1798,,,Heroic,0,,
1799,,,Mythic,0,,
1800,,210,,,,
1801,,,,,,
1805,4,,Heroic,0,,
1806,4,,Mythic,0,,
1807,4,,,,,
1808,,,,,,
1809,,,,,,
1810,3,140,,,,
1811,,,,,,
1812,,,,,,
1813,4,,,,,
1814,,,,,,
1815,,,,,,
1816,,,Stage 1 of 6,0,,
1817,,10,Stage 3 of 6,0,,
1818,,20,Stage 5 of 6,0,,
1819,,15,Stage 4 of 6,0,,
1820,,25,Stage 6 of 6,0,,
1821,,,,,,
1822,4,,Warforged,0,,
1823,3,,,,,
1824,3,,,,,
1825,3,,,,,
1826,3,,,,,
2829,,-400,,,,
2830,,-399,,,,
2831,,-398,,,,
2832,,-397,,,,
2833,,-396,,,,
2834,,-395,,,,
2835,,-394,,,,
2836,,-393,,,,
2837,,-392,,,,
2838,,-391,,,,
2839,,-390,,,,
2840,,-389,,,,
2841,,-388,,,,
2842,,-387,,,,
2843,,-386,,,,
2844,,-385,,,,
2845,,-384,,,,
2846,,-383,,,,
2847,,-382,,,,
2848,,-381,,,,
2849,,-380,,,,
2850,,-379,,,,
2851,,-378,,,,
2852,,-377,,,,
2853,,-376,,,,
2854,,-375,,,,
2855,,-374,,,,
2856,,-373,,,,
2857,,-372,,,,
2858,,-371,,,,
2859,,-370,,,,
2860,,-369,,,,
2861,,-368,,,,
2862,,-367,,,,
2863,,-366,,,,
2864,,-365,,,,
2865,,-364,,,,
2866,,-363,,,,
2867,,-362,,,,
2868,,-361,,,,
2869,,-360,,,,
2870,,-359,,,,
2871,,-358,,,,
2872,,-357,,,,
2873,,-356,,,,
2874,,-355,,,,
2875,,-354,,,,
2876,,-353,,,,
2877,,-352,,,,
2878,,-351,,,,
2879,,-350,,,,
2880,,-349,,,,
2881,,-348,,,,
2882,,-347,,,,
2883,,-346,,,,
2884,,-345,,,,
2885,,-344,,,,
2886,,-343,,,,
2887,,-342,,,,
2888,,-341,,,,
2889,,-340,,,,
2890,,-339,,,,
2891,,-338,,,,
2892,,-337,,,,
2893,,-336,,,,
2894,,-335,,,,
2895,,-334,,,,
2896,,-333,,,,
2897,,-332,,,,
2898,,-331,,,,
2899,,-330,,,,
2900,,-329,,,,
2901,,-328,,,,
2902,,-327,,,,
2903,,-326,,,,
2904,,-325,,,,
2905,,-324,,,,
2906,,-323,,,,
2907,,-322,,,,
2908,,-321,,,,
2909,,-320,,,,
2910,,-319,,,,
2911,,-318,,,,
2912,,-317,,,,
2913,,-316,,,,
2914,,-315,,,,
2915,,-314,,,,
2916,,-313,,,,
2917,,-312,,,,
2918,,-311,,,,
2919,,-310,,,,
2920,,-309,,,,
2921,,-308,,,,
2922,,-307,,,,
2923,,-306,,,,
2924,,-305,,,,
2925,,-304,,,,
2926,,-303,,,,
2927,,-302,,,,
2928,,-301,,,,
2929,,-300,,,,
2930,,-299,,,,
2931,,-298,,,,
2932,,-297,,,,
2933,,-296,,,,
2934,,-295,,,,
2935,,-294,,,,
2936,,-293,,,,
2937,,-292,,,,
2938,,-291,,,,
2939,,-290,,,,
2940,,-289,,,,
2941,,-288,,,,
2942,,-287,,,,
2943,,-286,,,,
2944,,-285,,,,
2945,,-284,,,,
2946,,-283,,,,
2947,,-282,,,,
2948,,-281,,,,
2949,,-280,,,,
2950,,-279,,,,
2951,,-278,,,,
2952,,-277,,,,
2953,,-276,,,,
2954,,-275,,,,
2955,,-274,,,,
2956,,-273,,,,
2957,,-272,,,,
2958,,-271,,,,
2959,,-270,,,,
2960,,-269,,,,
2961,,-268,,,,
2962,,-267,,,,
2963,,-266,,,,
2964,,-265,,,,
2965,,-264,,,,
2966,,-263,,,,
2967,,-262,,,,
2968,,-261,,,,
2969,,-260,,,,
2970,,-259,,,,
2971,,-258,,,,
2972,,-257,,,,
2973,,-256,,,,
2974,,-255,,,,
2975,,-254,,,,
2976,,-253,,,,
2977,,-252,,,,
2978,,-251,,,,
2979,,-250,,,,
2980,,-249,,,,
2981,,-248,,,,
2982,,-247,,,,
2983,,-246,,,,
2984,,-245,,,,
2985,,-244,,,,
2986,,-243,,,,
2987,,-242,,,,
2988,,-241,,,,
2989,,-240,,,,
2990,,-239,,,,
2991,,-238,,,,
2992,,-237,,,,
2993,,-236,,,,
2994,,-235,,,,
2995,,-234,,,,
2996,,-233,,,,
2997,,-232,,,,
2998,,-231,,,,
2999,,-230,,,,
3000,,-229,,,,
3001,,-228,,,,
3002,,-227,,,,
3003,,-226,,,,
3004,,-225,,,,
3005,,-224,,,,
3006,,-223,,,,
3007,,-222,,,,
3008,,-221,,,,
3009,,-220,,,,
3010,,-219,,,,
3011,,-218,,,,
3012,,-217,,,,
3013,,-216,,,,
3014,,-215,,,,
3015,,-214,,,,
3016,,-213,,,,
3017,,-212,,,,
3018,,-211,,,,
3019,,-210,,,,
3020,,-209,,,,
3021,,-208,,,,
3022,,-207,,,,
3023,,-206,,,,
3024,,-205,,,,
3025,,-204,,,,
3026,,-203,,,,
3027,,-202,,,,
3028,,-201,,,,
3029,,-200,,,,
3030,,-199,,,,
3031,,-198,,,,
3032,,-197,,,,
3033,,-196,,,,
3034,,-195,,,,
3035,,-194,,,,
3036,,-193,,,,
3037,,-192,,,,
3038,,-191,,,,
3039,,-190,,,,
3040,,-189,,,,
3041,,-188,,,,
3042,,-187,,,,
3043,,-186,,,,
3044,,-185,,,,
3045,,-184,,,,
3046,,-183,,,,
3047,,-182,,,,
3048,,-181,,,,
3049,,-180,,,,
3050,,-179,,,,
3051,,-178,,,,
3052,,-177,,,,
3053,,-176,,,,
3054,,-175,,,,
3055,,-174,,,,
3056,,-173,,,,
3057,,-172,,,,
3058,,-171,,,,
3059,,-170,,,,
3060,,-169,,,,
3061,,-168,,,,
3062,,-167,,,,
3063,,-166,,,,
3064,,-165,,,,
3065,,-164,,,,
3066,,-163,,,,
3067,,-162,,,,
3068,,-161,,,,
3069,,-160,,,,
3070,,-159,,,,
3071,,-158,,,,
3072,,-157,,,,
3073,,-156,,,,
3074,,-155,,,,
3075,,-154,,,,
3076,,-153,,,,
3077,,-152,,,,
3078,,-151,,,,
3079,,-150,,,,
3080,,-149,,,,
3081,,-148,,,,
3082,,-147,,,,
3083,,-146,,,,
3084,,-145,,,,
3085,,-144,,,,
3086,,-143,,,,
3087,,-142,,,,
3088,,-141,,,,
3089,,-140,,,,
3090,,-139,,,,
3091,,-138,,,,
3092,,-137,,,,
3093,,-136,,,,
3094,,-135,,,,
3095,,-134,,,,
3096,,-133,,,,
3097,,-132,,,,
3098,,-131,,,,
3099,,-130,,,,
3100,,-129,,,,
3101,,-128,,,,
3102,,-127,,,,
3103,,-126,,,,
3104,,-125,,,,
3105,,-124,,,,
3106,,-123,,,,
3107,,-122,,,,
3108,,-121,,,,
3109,,-120,,,,
3110,,-119,,,,
3111,,-118,,,,
3112,,-117,,,,
3113,,-116,,,,
3114,,-115,,,,
3115,,-114,,,,
3116,,-113,,,,
3117,,-112,,,,
3118,,-111,,,,
3119,,-110,,,,
3120,,-109,,,,
3121,,-108,,,,
3122,,-107,,,,
3123,,-106,,,,
3124,,-105,,,,
3125,,-104,,,,
3126,,-103,,,,
3127,,-102,,,,
3128,,-101,,,,
3130,,201,,,,
3131,,202,,,,
3132,,203,,,,
3133,,204,,,,
3134,,205,,,,
3135,,206,,,,
3136,,207,,,,
3137,,208,,,,
3138,,209,,,,
3139,,210,,,,
3140,,211,,,,
3141,,212,,,,
3142,,213,,,,
3143,,214,,,,
3144,,215,,,,
3145,,216,,,,
3146,,217,,,,
3147,,218,,,,
3148,,219,,,,
3149,,220,,,,
3150,,221,,,,
3151,,222,,,,
3152,,223,,,,
3153,,224,,,,
3154,,225,,,,
3155,,226,,,,
3156,,227,,,,
3157,,228,,,,
3158,,229,,,,
3159,,230,,,,
3160,,231,,,,
3161,,232,,,,
3162,,233,,,,
3163,,234,,,,
3164,,235,,,,
3165,,236,,,,
3166,,237,,,,
3167,,238,,,,
3168,,239,,,,
3169,,240,,,,
3170,,241,,,,
3171,,242,,,,
3172,,243,,,,
3173,,244,,,,
3174,,245,,,,
3175,,246,,,,
3176,,247,,,,
3177,,248,,,,
3178,,249,,,,
3179,,250,,,,
3180,,251,,,,
3181,,252,,,,
3182,,253,,,,
3183,,254,,,,
3184,,255,,,,
3185,,256,,,,
3186,,257,,,,
3187,,258,,,,
3188,,259,,,,
3189,,260,,,,
3190,,261,,,,
3191,,262,,,,
3192,,263,,,,
3193,,264,,,,
3194,,265,,,,
3195,,266,,,,
3196,,267,,,,
3197,,268,,,,
3198,,269,,,,
3199,,270,,,,
3200,,271,,,,
3201,,272,,,,
3202,,273,,,,
3203,,274,,,,
3204,,275,,,,
3205,,276,,,,
3206,,277,,,,
3207,,278,,,,
3208,,279,,,,
3209,,280,,,,
3210,,281,,,,
3211,,282,,,,
3212,,283,,,,
3213,,284,,,,
3214,,285,,,,
3215,,286,,,,
3216,,287,,,,
3217,,288,,,,
3218,,289,,,,
3219,,290,,,,
3220,,291,,,,
3221,,292,,,,
3222,,293,,,,
3223,,294,,,,
3224,,295,,,,
3225,,296,,,,
3226,,297,,,,
3227,,298,,,,
3228,,299,,,,
3229,,300,,,,
3230,,301,,,,
3231,,302,,,,
3232,,303,,,,
3233,,304,,,,
3234,,305,,,,
3235,,306,,,,
3236,,307,,,,
3237,,308,,,,
3238,,309,,,,
3239,,310,,,,
3240,,311,,,,
3241,,312,,,,
3242,,313,,,,
3243,,314,,,,
3244,,315,,,,
3245,,316,,,,
3246,,317,,,,
3247,,318,,,,
3248,,319,,,,
3249,,320,,,,
3250,,321,,,,
3251,,322,,,,
3252,,323,,,,
3253,,324,,,,
3254,,325,,,,
3255,,326,,,,
3256,,327,,,,
3257,,328,,,,
3258,,329,,,,
3259,,330,,,,
3260,,331,,,,
3261,,332,,,,
3262,,333,,,,
3263,,334,,,,
3264,,335,,,,
3265,,336,,,,
3266,,337,,,,
3267,,338,,,,
3268,,339,,,,
3269,,340,,,,
3270,,341,,,,
3271,,342,,,,
3272,,343,,,,
3273,,344,,,,
3274,,345,,,,
3275,,346,,,,
3276,,347,,,,
3277,,348,,,,
3278,,349,,,,
3279,,350,,,,
3280,,351,,,,
3281,,352,,,,
3282,,353,,,,
3283,,354,,,,
3284,,355,,,,
3285,,356,,,,
3286,,357,,,,
3287,,358,,,,
3288,,359,,,,
3289,,360,,,,
3290,,361,,,,
3291,,362,,,,
3292,,363,,,,
3293,,364,,,,
3294,,365,,,,
3295,,366,,,,
3296,,367,,,,
3297,,368,,,,
3298,,369,,,,
3299,,370,,,,
3300,,371,,,,
3301,,372,,,,
3302,,373,,,,
3303,,374,,,,
3304,,375,,,,
3305,,376,,,,
3306,,377,,,,
3307,,378,,,,
3308,,379,,,,
3309,,380,,,,
3310,,381,,,,
3311,,382,,,,
3312,,383,,,,
3313,,384,,,,
3314,,385,,,,
3315,,386,,,,
3316,,387,,,,
3317,,388,,,,
3318,,389,,,,
3319,,390,,,,
3320,,391,,,,
3321,,392,,,,
3322,,393,,,,
3323,,394,,,,
3324,,395,,,,
3325,,396,,,,
3326,,397,,,,
3327,,398,,,,
3328,,399,,,,
3329,,400,,,,
3330,4,15,,,,
3331,,5,Stage 2 of 6,0,,
3332,,30,Stage 7 of 9,0,,
3333,,35,Stage 8 of 9,0,,
3334,,40,Stage 9 of 9,0,,
3336,4,,Warforged,10,,
3337,4,,Titanforged,10,,
3338,3,,Titanforged,10,,
3339,3,,Warforged,10,,
3340,4,10,,,,
3341,,40,,,,
3342,,,,,,
3343,,,,,of the Quickblade,0
3344,,,,,of the Quickblade,0
3345,,,,,of the Quickblade,0
3346,,,,,of the Peerless,0
3347,,,,,of the Peerless,0
3348,,,,,of the Peerless,0
3349,,,,,of the Fireflash,0
3350,,,,,of the Fireflash,0
3351,,,,,of the Peerless,0
3352,,,,,of the Peerless,0
3353,,,,,of the Fireflash,0
3354,,,,,of the Peerless,0
3355,,,,,of the Feverflare,0
3356,,,,,of the Feverflare,0
3357,,,,,of the Feverflare,0
3358,,,,,of the Harmonious,0
3359,,,,,of the Harmonious,0
3360,,,,,of the Harmonious,0
3361,,,,,of the Quickblade,0
3362,,,,,of the Quickblade,0
3363,,,,,of the Quickblade,0
3364,,,,,of the Aurora,0
3365,,,,,of the Aurora,0
3366,,,,,of the Aurora,0
3367,,,,,of the Harmonious,0
3368,,,,,of the Harmonious,0
3369,,,,,of the Harmonious,0
3370,,,,,of the Fireflash,0
3371,,,,,of the Fireflash,0
3372,,,,,of the Fireflash,0
3373,,,,,of the Feverflare,0
3374,,,,,of the Feverflare,0
3375,,,,,of the Feverflare,0
3376,,,,,of the Aurora,0
3377,,,,,of the Aurora,0
3378,,,,,of the Aurora,0
3379,4,,Raid Finder,0,,
3380,,,,,,
3381,,0,,,,
3382,,10,,,,
3383,,20,,,,
3384,4,30,,,,
3385,,,,,,
3386,,,,,,
3387,,,,,,
3388,,,Warforged,0,,
3389,,,Warforged,0,,
3390,,60,,,,
3391,,80,,,,
3392,,,,,,
3393,,20,,,,
3394,3,,,,,
3395,3,,,,,
3396,3,,,,,
3397,3,,,,,
3398,4,,,,,
3399,4,,Mythic,0,,
3401,,,,,of the Quickblade,0
3402,,,,,of the Peerless,0
3403,,,,,of the Fireflash,0
3404,,,,,of the Feverflare,0
3405,,,,,of the Aurora,0
3406,,,,,of the Harmonious,0
3407,,,,,,
3408,,,,,,
3409,,,,,,
3410,4,,Mythic 2,0,,
3411,4,,Mythic 3,0,,
3412,4,,Mythic 4,0,,
3413,4,,Mythic 5,0,,
3414,4,,Mythic 6,0,,
3415,4,,Mythic 7,0,,
3416,4,,Mythic 8,0,,
3417,4,,Mythic 9,0,,
3418,4,,Mythic 10,0,,
3427,,,,,,
3428,,,,,,
3429,,,,,,
3431,,,,,,
3432,3,,,,,
